{
	"credit": "Made with Blockbench",
	"texture_size": [32, 32],
	"textures": {
		"0": "block/control_rod_attachment",
		"1": "block/chain",
		"particle": "block/control_rod_attachment"
	},
	"elements": [
		{
			"from": [11.5, 1, 0.25],
			"to": [13.5, 2, 16.5],
			"rotation": {"angle": 0, "axis": "y", "origin": [11.5, 1, 1]},
			"faces": {
				"north": {"uv": [5, 4, 6, 4.5], "texture": "#0"},
				"east": {"uv": [2, 2, 9, 2.5], "texture": "#0"},
				"south": {"uv": [5, 4.5, 6, 5], "texture": "#0"},
				"west": {"uv": [2, 2.5, 9, 3], "texture": "#0"},
				"up": {"uv": [1, 7, 0, 0], "texture": "#0"},
				"down": {"uv": [2, 0, 1, 7], "texture": "#0"}
			}
		},
		{
			"from": [5.5, 1, 0.25],
			"to": [7.5, 2, 16.5],
			"rotation": {"angle": 0, "axis": "y", "origin": [5.5, 1, 1]},
			"faces": {
				"north": {"uv": [5, 4, 6, 4.5], "texture": "#0"},
				"east": {"uv": [2, 2, 9, 2.5], "texture": "#0"},
				"south": {"uv": [5, 4.5, 6, 5], "texture": "#0"},
				"west": {"uv": [2, 2.5, 9, 3], "texture": "#0"},
				"up": {"uv": [1, 7, 0, 0], "texture": "#0"},
				"down": {"uv": [2, 0, 1, 7], "texture": "#0"}
			}
		},
		{
			"from": [-0.5, 1, 0.25],
			"to": [1.5, 2, 16.5],
			"rotation": {"angle": 0, "axis": "y", "origin": [-0.5, 1, 1]},
			"faces": {
				"north": {"uv": [5, 4, 6, 4.5], "texture": "#0"},
				"east": {"uv": [2, 2, 9, 2.5], "texture": "#0"},
				"south": {"uv": [5, 4.5, 6, 5], "texture": "#0"},
				"west": {"uv": [2, 2.5, 9, 3], "texture": "#0"},
				"up": {"uv": [1, 7, 0, 0], "texture": "#0"},
				"down": {"uv": [2, 0, 1, 7], "texture": "#0"}
			}
		},
		{
			"from": [11.5, -1, 2.5],
			"to": [13.5, 1, 4.5],
			"rotation": {"angle": 0, "axis": "y", "origin": [11.5, -1, 2.5]},
			"faces": {
				"north": {"uv": [2, 4, 3, 5], "texture": "#0"},
				"east": {"uv": [3, 4, 4, 5], "texture": "#0"},
				"south": {"uv": [4, 4, 5, 5], "texture": "#0"},
				"west": {"uv": [2, 5, 3, 6], "texture": "#0"},
				"up": {"uv": [4, 6, 3, 5], "texture": "#0"},
				"down": {"uv": [5, 5, 4, 6], "texture": "#0"}
			}
		},
		{
			"from": [5.5, -1, 2.5],
			"to": [7.5, 1, 4.5],
			"rotation": {"angle": 0, "axis": "y", "origin": [5.5, -1, 2.5]},
			"faces": {
				"north": {"uv": [2, 4, 3, 5], "texture": "#0"},
				"east": {"uv": [3, 4, 4, 5], "texture": "#0"},
				"south": {"uv": [4, 4, 5, 5], "texture": "#0"},
				"west": {"uv": [2, 5, 3, 6], "texture": "#0"},
				"up": {"uv": [4, 6, 3, 5], "texture": "#0"},
				"down": {"uv": [5, 5, 4, 6], "texture": "#0"}
			}
		},
		{
			"from": [-0.5, -1, 2.5],
			"to": [1.5, 1, 4.5],
			"rotation": {"angle": 0, "axis": "y", "origin": [-0.5, -1, 2.5]},
			"faces": {
				"north": {"uv": [2, 4, 3, 5], "texture": "#0"},
				"east": {"uv": [3, 4, 4, 5], "texture": "#0"},
				"south": {"uv": [4, 4, 5, 5], "texture": "#0"},
				"west": {"uv": [2, 5, 3, 6], "texture": "#0"},
				"up": {"uv": [4, 6, 3, 5], "texture": "#0"},
				"down": {"uv": [5, 5, 4, 6], "texture": "#0"}
			}
		},
		{
			"from": [-0.5, -1, 8.5],
			"to": [1.5, 1, 10.5],
			"rotation": {"angle": 0, "axis": "y", "origin": [-0.5, -1, 8.5]},
			"faces": {
				"north": {"uv": [2, 4, 3, 5], "texture": "#0"},
				"east": {"uv": [3, 4, 4, 5], "texture": "#0"},
				"south": {"uv": [4, 4, 5, 5], "texture": "#0"},
				"west": {"uv": [2, 5, 3, 6], "texture": "#0"},
				"up": {"uv": [4, 6, 3, 5], "texture": "#0"},
				"down": {"uv": [5, 5, 4, 6], "texture": "#0"}
			}
		},
		{
			"from": [11.5, -1, 8.5],
			"to": [13.5, 1, 10.5],
			"rotation": {"angle": 0, "axis": "y", "origin": [11.5, -1, 8.5]},
			"faces": {
				"north": {"uv": [2, 4, 3, 5], "texture": "#0"},
				"east": {"uv": [3, 4, 4, 5], "texture": "#0"},
				"south": {"uv": [4, 4, 5, 5], "texture": "#0"},
				"west": {"uv": [2, 5, 3, 6], "texture": "#0"},
				"up": {"uv": [4, 6, 3, 5], "texture": "#0"},
				"down": {"uv": [5, 5, 4, 6], "texture": "#0"}
			}
		},
		{
			"from": [5.5, -1, 8.5],
			"to": [7.5, 1, 10.5],
			"rotation": {"angle": 0, "axis": "y", "origin": [5.5, -1, 8.5]},
			"faces": {
				"north": {"uv": [2, 4, 3, 5], "texture": "#0"},
				"east": {"uv": [3, 4, 4, 5], "texture": "#0"},
				"south": {"uv": [4, 4, 5, 5], "texture": "#0"},
				"west": {"uv": [2, 5, 3, 6], "texture": "#0"},
				"up": {"uv": [4, 6, 3, 5], "texture": "#0"},
				"down": {"uv": [5, 5, 4, 6], "texture": "#0"}
			}
		},
		{
			"from": [-0.5, -1, 14.5],
			"to": [1.5, 1, 16.5],
			"rotation": {"angle": 0, "axis": "y", "origin": [-0.5, -1, 14.5]},
			"faces": {
				"north": {"uv": [2, 4, 3, 5], "texture": "#0"},
				"east": {"uv": [3, 4, 4, 5], "texture": "#0"},
				"south": {"uv": [4, 4, 5, 5], "texture": "#0"},
				"west": {"uv": [2, 5, 3, 6], "texture": "#0"},
				"up": {"uv": [4, 6, 3, 5], "texture": "#0"},
				"down": {"uv": [5, 5, 4, 6], "texture": "#0"}
			}
		},
		{
			"from": [11.5, -1, 14.5],
			"to": [13.5, 1, 16.5],
			"rotation": {"angle": 0, "axis": "y", "origin": [11.5, -1, 14.5]},
			"faces": {
				"north": {"uv": [2, 4, 3, 5], "texture": "#0"},
				"east": {"uv": [3, 4, 4, 5], "texture": "#0"},
				"south": {"uv": [4, 4, 5, 5], "texture": "#0"},
				"west": {"uv": [2, 5, 3, 6], "texture": "#0"},
				"up": {"uv": [4, 6, 3, 5], "texture": "#0"},
				"down": {"uv": [5, 5, 4, 6], "texture": "#0"}
			}
		},
		{
			"from": [5.5, -1, 14.5],
			"to": [7.5, 1, 16.5],
			"rotation": {"angle": 0, "axis": "y", "origin": [5.5, -1, 14.5]},
			"faces": {
				"north": {"uv": [2, 4, 3, 5], "texture": "#0"},
				"east": {"uv": [3, 4, 4, 5], "texture": "#0"},
				"south": {"uv": [4, 4, 5, 5], "texture": "#0"},
				"west": {"uv": [2, 5, 3, 6], "texture": "#0"},
				"up": {"uv": [4, 6, 3, 5], "texture": "#0"},
				"down": {"uv": [5, 5, 4, 6], "texture": "#0"}
			}
		},
		{
			"from": [8, 3, 6.5],
			"to": [8, 16, 9.5],
			"rotation": {"angle": -45, "axis": "y", "origin": [8, 9.5, 8]},
			"faces": {
				"north": {"uv": [0, 0, 0, 6.5], "texture": "#1"},
				"east": {"uv": [0, 0, 3, 13], "texture": "#1"},
				"south": {"uv": [0, 0, 0, 6.5], "texture": "#1"},
				"west": {"uv": [0, 0, 3, 13], "texture": "#1"},
				"up": {"uv": [0, 0, 0, 1], "texture": "#1"},
				"down": {"uv": [0, 0, 0, 1], "texture": "#1"}
			}
		},
		{
			"from": [8, 3, 6.5],
			"to": [8, 16, 9.5],
			"rotation": {"angle": 45, "axis": "y", "origin": [8, 9.5, 8]},
			"faces": {
				"north": {"uv": [0, 0, 0, 6.5], "texture": "#1"},
				"east": {"uv": [0, 0, 3, 13], "texture": "#1"},
				"south": {"uv": [0, 0, 0, 6.5], "texture": "#1"},
				"west": {"uv": [0, 0, 3, 13], "texture": "#1"},
				"up": {"uv": [0, 0, 0, 1], "texture": "#1"},
				"down": {"uv": [0, 0, 0, 1], "texture": "#1"}
			}
		},
		{
			"from": [-0.5, 2, 1],
			"to": [16, 3, 3],
			"rotation": {"angle": 0, "axis": "y", "origin": [13, 2, 1]},
			"faces": {
				"north": {"uv": [2, 3, 9, 3.5], "texture": "#0"},
				"east": {"uv": [5, 5, 6, 5.5], "texture": "#0"},
				"south": {"uv": [2, 3.5, 9, 4], "texture": "#0"},
				"west": {"uv": [5, 5.5, 6, 6], "texture": "#0"},
				"up": {"uv": [9, 1, 2, 0], "texture": "#0"},
				"down": {"uv": [9, 1, 2, 2], "texture": "#0"}
			}
		},
		{
			"from": [-0.5, 2, 13],
			"to": [16, 3, 15],
			"rotation": {"angle": 0, "axis": "y", "origin": [13, 2, 13]},
			"faces": {
				"north": {"uv": [2, 3, 9, 3.5], "texture": "#0"},
				"east": {"uv": [5, 5, 6, 5.5], "texture": "#0"},
				"south": {"uv": [2, 3.5, 9, 4], "texture": "#0"},
				"west": {"uv": [5, 5.5, 6, 6], "texture": "#0"},
				"up": {"uv": [9, 1, 2, 0], "texture": "#0"},
				"down": {"uv": [9, 1, 2, 2], "texture": "#0"}
			}
		},
		{
			"from": [-0.5, 2, 7],
			"to": [16, 3, 9],
			"rotation": {"angle": 0, "axis": "y", "origin": [13, 2, 7]},
			"faces": {
				"north": {"uv": [2, 3, 9, 3.5], "texture": "#0"},
				"east": {"uv": [5, 5, 6, 5.5], "texture": "#0"},
				"south": {"uv": [2, 3.5, 9, 4], "texture": "#0"},
				"west": {"uv": [5, 5.5, 6, 6], "texture": "#0"},
				"up": {"uv": [9, 1, 2, 0], "texture": "#0"},
				"down": {"uv": [9, 1, 2, 2], "texture": "#0"}
			}
		}
	],
	"display": {
		"thirdperson_righthand": {
			"rotation": [75, 45, 0],
			"translation": [0, 2.5, 0],
			"scale": [0.375, 0.375, 0.375]
		},
		"firstperson_righthand": {
			"rotation": [0, 45, 0],
			"scale": [0.4, 0.4, 0.4]
		},
		"firstperson_lefthand": {
			"rotation": [0, -135, 0],
			"scale": [0.4, 0.4, 0.4]
		},
		"ground": {
			"translation": [0, 3, 0],
			"scale": [0.25, 0.25, 0.25]
		},
		"gui": {
			"rotation": [30, -135, 0],
			"scale": [0.625, 0.625, 0.625]
		},
		"fixed": {
			"scale": [0.5, 0.5, 0.5]
		}
	}
}