{
	"credit": "Made with Blockbench",
	"texture_size": [64, 64],
	"textures": {
		"0": "block/battery",
		"1": "block/brown_glazed_terracotta",
		"particle": "block/battery"
	},
	"elements": [
		{
			"from": [0, 0, 0],
			"to": [16, 1, 16],
			"rotation": {"angle": 0, "axis": "y", "origin": [16, 0, 0]},
			"faces": {
				"north": {"uv": [0, 0, 16, 1], "texture": "#1"},
				"east": {"uv": [0, 0, 16, 1], "texture": "#1"},
				"south": {"uv": [0, 0, 16, 1], "texture": "#1"},
				"west": {"uv": [0, 0, 16, 1], "texture": "#1"},
				"up": {"uv": [16, 16, 0, 0], "rotation": 90, "texture": "#1"},
				"down": {"uv": [16, 0, 0, 16], "rotation": 270, "texture": "#1"}
			}
		},
		{
			"from": [1, 1, 2],
			"to": [15, 12, 14],
			"rotation": {"angle": 0, "axis": "y", "origin": [16, 0, 0]},
			"faces": {
				"north": {"uv": [0, 2.75, 4, 5.5], "texture": "#0"},
				"east": {"uv": [4, 0, 7, 2.75], "texture": "#0"},
				"south": {"uv": [0, 0, 4, 2.75], "texture": "#0"},
				"west": {"uv": [4, 2.75, 7, 5.5], "texture": "#0"},
				"up": {"uv": [10, 3.25, 7, 0], "rotation": 90, "texture": "#0"},
				"down": {"uv": [9.5, 3.25, 7, 5.5], "rotation": 270, "texture": "#0"}
			}
		},
		{
			"from": [11.975, 11.975, -6],
			"to": [13.975, 12.975, 10],
			"rotation": {"angle": 0, "axis": "y", "origin": [15.975, 2.975, -6]},
			"faces": {
				"north": {"uv": [4, 6, 4.5, 6.25], "texture": "#0"},
				"east": {"uv": [4.5, 5.5, 8.5, 5.75], "texture": "#0"},
				"south": {"uv": [4, 5.5, 4.5, 5.75], "texture": "#0"},
				"west": {"uv": [4.5, 5.75, 8.5, 6], "texture": "#0"},
				"up": {"uv": [4, 6, 0, 5.5], "rotation": 90, "texture": "#0"},
				"down": {"uv": [4, 6, 0, 6.5], "rotation": 270, "texture": "#0"}
			}
		},
		{
			"from": [2.025, 11.975, -6],
			"to": [4.025, 12.975, 10],
			"rotation": {"angle": 0, "axis": "y", "origin": [6.025, 2.975, -6]},
			"faces": {
				"north": {"uv": [4, 6.25, 4.5, 6.5], "texture": "#0"},
				"east": {"uv": [4.5, 6, 8.5, 6.25], "texture": "#0"},
				"south": {"uv": [4, 5.75, 4.5, 6], "texture": "#0"},
				"west": {"uv": [4.5, 6.25, 8.5, 6.5], "texture": "#0"},
				"up": {"uv": [4, 7, 0, 6.5], "rotation": 90, "texture": "#0"},
				"down": {"uv": [8, 6.5, 4, 7], "rotation": 270, "texture": "#0"}
			}
		}
	],
	"display": {
		"thirdperson_righthand": {
			"rotation": [75, 45, 0],
			"translation": [0, 2.5, 0],
			"scale": [0.375, 0.375, 0.375]
		},
		"firstperson_righthand": {
			"rotation": [0, 45, 0],
			"scale": [0.4, 0.4, 0.4]
		},
		"firstperson_lefthand": {
			"rotation": [0, -135, 0],
			"scale": [0.4, 0.4, 0.4]
		},
		"ground": {
			"translation": [0, 3, 0],
			"scale": [0.25, 0.25, 0.25]
		},
		"gui": {
			"rotation": [30, -135, 0],
			"scale": [0.625, 0.625, 0.625]
		},
		"fixed": {
			"scale": [0.5, 0.5, 0.5]
		}
	}
}